<DATE>	<OPEN>	<HIGH>	<LOW>	<CLOSE>	<TICKVOL>	<VOL>	<SPREAD>
2021.09.07	245.18	253.40	245.03	251.22	26005	0	0
2021.09.08	251.62	254.76	246.96	251.26	29025	0	0
2021.09.09	249.60	254.01	249.52	251.90	23251	0	0
2021.09.10	252.78	254.15	245.30	245.97	21080	0	0
2021.09.13	247.21	248.09	236.33	246.87	31403	0	0
2021.09.14	245.75	251.45	245.49	246.87	24980	0	0
2021.09.15	249.02	252.26	246.13	251.89	21436	0	0
2021.09.16	250.99	252.95	249.22	252.92	18816	0	0
2021.09.17	251.06	253.63	250.05	253.38	23034	0	0
2021.09.20	247.56	249.07	239.58	242.42	33283	0	0
2021.09.21	245.50	248.21	243.48	246.76	26635	0	0
2021.09.22	247.59	251.21	246.44	250.57	21728	0	0
2021.09.23	252.79	253.24	249.34	251.43	18567	0	0
2021.09.24	248.46	257.32	248.01	257.17	21670	0	0
2021.09.27	257.49	266.31	256.16	265.23	29067	0	0
2021.09.28	258.96	265.20	255.44	260.26	33520	0	1
2021.09.29	261.90	264.46	256.90	260.21	30458	0	0
2021.09.30	260.70	263.01	258.75	259.43	29199	0	0
2021.10.01	257.02	260.47	254.55	258.49	29220	0	0
2021.10.04	265.03	268.97	258.71	260.49	40417	0	1
2021.10.05	262.88	265.73	258.14	260.71	27303	0	0
2021.10.06	255.81	262.16	255.74	260.16	29056	0	0
2021.10.07	263.04	268.32	261.13	264.21	23064	0	0
2021.10.08	263.45	266.05	260.64	262.73	26206	0	0
2021.10.11	262.03	267.05	260.91	264.94	22465	0	0
2021.10.12	265.15	270.74	265.11	267.81	27087	0	0
2021.10.13	270.85	271.78	268.61	269.95	20259	0	0
2021.10.14	272.46	273.40	271.11	272.93	14704	0	0
2021.10.15	273.72	280.32	273.53	280.32	17694	0	0
2021.10.18	282.33	291.73	281.99	290.06	23754	0	1
2021.10.19	292.67	292.80	287.51	288.19	21422	0	0
2021.10.20	287.53	289.80	285.80	287.87	18501	0	1
2021.10.21	285.74	299.96	283.44	298.22	29654	0	0
2021.10.22	298.89	303.31	296.98	302.61	25242	0	1
2021.10.25	310.45	348.29	309.34	341.94	58616	0	2
2021.10.26	341.37	364.93	333.82	339.83	75561	0	4
2021.10.27	337.65	356.89	337.62	346.60	47915	0	3
2021.10.28	354.68	360.22	351.48	355.95	38171	0	4
2021.10.29	359.83	368.57	357.82	367.51	36463	0	3
2021.11.01	381.64	398.98	372.90	397.55	64835	0	4
2021.11.02	380.47	402.79	380.47	393.01	75284	0	5
2021.11.03	387.07	402.73	384.21	399.84	48992	0	4
2021.11.04	411.80	414.60	405.64	410.76	40939	0	5
2021.11.05	411.76	413.23	402.70	406.61	31979	0	4
2021.11.08	385.75	398.89	377.72	389.73	54040	0	4
2021.11.09	392.51	393.59	337.14	341.26	97200	0	5
2021.11.10	344.46	359.28	329.10	353.24	74323	0	4
2021.11.11	367.26	368.93	351.59	353.80	45664	0	4
2021.11.12	355.16	357.47	339.80	343.28	44403	0	3
2021.11.15	337.22	343.91	326.21	336.13	54150	0	3
2021.11.16	332.05	352.34	332.05	349.57	42599	0	4
2021.11.17	355.89	373.14	351.85	364.97	57157	0	5
2021.11.18	367.90	371.58	358.34	364.02	42043	0	5
2021.11.19	364.55	379.47	364.28	377.71	35629	0	5
2021.11.22	389.33	400.59	377.52	389.74	62486	0	6
2021.11.23	383.08	393.38	354.24	369.96	73092	0	6
2021.11.24	364.73	377.55	353.99	373.39	54245	0	6
2021.11.26	360.63	369.48	360.32	361.86	31942	0	5
2021.11.29	368.12	380.83	364.29	377.46	43133	0	5
2021.11.30	376.70	389.20	372.65	379.21	50835	0	3
2021.12.01	386.92	390.82	363.67	370.95	51813	0	6
2021.12.02	369.63	370.94	352.25	361.42	69073	0	3
2021.12.03	361.90	364.77	334.60	335.81	82341	0	5
2021.12.06	334.42	340.43	316.86	335.74	65968	0	5
2021.12.07	348.37	352.48	342.33	349.09	35986	0	4
2021.12.08	346.23	357.34	344.42	356.01	33368	0	5
2021.12.09	353.90	355.04	334.14	335.76	34683	0	4
2021.12.10	330.93	340.54	327.50	339.35	48258	0	4
2021.12.13	339.55	340.91	317.16	321.90	58303	0	2
2021.12.14	316.11	322.09	310.00	319.20	53049	0	2
2021.12.15	316.30	326.15	309.43	322.43	53016	0	2
2021.12.16	333.02	334.51	308.42	309.75	59644	0	2
2021.12.17	304.13	320.13	303.00	311.74	56462	0	2
2021.12.20	304.50	307.07	297.82	299.82	43861	0	2
2021.12.21	304.27	312.40	295.40	310.71	42162	0	2
2021.12.22	319.91	338.44	319.10	334.07	49434	0	2
2021.12.23	341.34	357.56	332.52	354.91	74798	0	3
2021.12.27	358.53	372.28	356.90	364.55	43482	0	4
2021.12.28	368.59	372.91	359.50	363.78	40499	0	4
2021.12.29	370.62	370.62	354.77	364.28	39165	0	4
2021.12.30	362.27	365.12	351.78	357.77	37847	0	3
2021.12.31	353.92	360.58	353.16	353.76	27812	0	2
2022.01.03	375.84	399.95	375.51	397.03	62252	0	4
2022.01.04	399.55	403.13	374.39	383.58	72386	0	4
2022.01.05	379.27	390.01	360.40	363.81	61507	0	4
2022.01.06	358.06	361.93	340.15	356.28	70639	0	4
2022.01.07	358.29	363.75	336.66	341.19	90521	0	3
2022.01.10	339.17	350.15	326.66	349.36	83848	0	4
2022.01.11	357.35	358.55	346.27	353.03	72963	0	3
2022.01.12	356.56	371.55	354.90	369.58	69986	0	3
2022.01.13	369.98	371.83	344.91	345.40	77430	0	4
2022.01.14	344.94	350.35	332.57	349.67	81956	0	3
2022.01.18	340.60	356.85	338.69	342.31	69984	0	4
2022.01.19	348.34	351.46	331.80	334.29	75382	0	4
2022.01.20	337.36	347.18	331.94	332.97	67383	0	3
2022.01.21	333.57	334.69	313.49	318.35	103360	0	3
2022.01.24	305.14	307.42	283.82	300.88	130868	0	5
2022.01.25	302.41	316.92	298.77	310.20	83744	0	4
2022.01.26	318.84	329.10	302.02	311.72	99738	0	2
2022.01.27	308.29	316.38	277.11	279.37	137070	0	1
2022.01.28	278.77	285.79	264.00	278.09	117833	0	2
2022.01.31	287.91	312.24	283.77	310.24	76457	0	3
2022.02.01	310.77	315.70	301.66	309.73	82942	0	2
2022.02.02	312.77	314.74	296.52	301.30	70590	0	2
2022.02.03	293.78	312.28	291.77	299.12	81312	0	2
2022.02.04	300.98	312.15	293.70	308.85	77174	0	3
2022.02.07	307.80	315.85	302.50	302.93	67343	0	1
2022.02.08	302.86	308.69	298.28	307.54	60157	0	2
2022.02.09	311.50	315.30	307.39	310.89	50624	0	2
2022.02.10	308.93	314.59	300.67	300.85	73877	0	2
2022.02.11	300.51	305.15	283.58	284.17	79430	0	2
2022.02.14	280.73	299.58	279.30	291.76	82455	0	2
2022.02.15	300.36	307.22	297.75	305.56	53529	0	2
2022.02.16	307.14	309.01	300.41	307.64	55991	0	2
2022.02.17	304.45	306.10	291.94	292.94	53483	0	2
2022.02.18	295.50	295.99	279.21	285.47	73788	0	1
2022.02.22	280.61	285.47	267.03	274.08	95542	0	1
2022.02.23	279.51	279.63	254.72	254.77	90136	0	2
2022.02.24	239.47	265.58	230.58	264.21	113530	0	2
2022.02.25	268.86	275.46	260.87	268.32	81266	0	1
2022.02.28	267.89	292.22	266.67	286.73	84687	0	2
2022.03.01	286.00	296.55	285.33	286.37	78170	0	2
2022.03.02	290.00	295.37	281.48	293.78	73732	0	2
2022.03.03	290.72	295.42	278.09	278.25	73912	0	1
2022.03.04	275.49	285.10	275.08	277.07	77298	0	1
2022.03.07	274.15	288.68	268.52	269.93	77299	0	2
2022.03.08	269.99	283.26	260.81	275.38	82825	0	2
2022.03.09	282.05	286.83	277.36	285.97	61537	0	2
2022.03.10	283.13	284.68	270.16	278.12	61934	0	1
2022.03.11	280.75	285.46	264.58	265.86	71287	0	0
2022.03.14	267.19	267.41	252.02	254.59	74853	0	2
2022.03.15	253.64	268.12	252.18	267.80	66599	0	1
2022.03.16	274.58	280.24	267.50	278.57	68819	0	2
2022.03.17	277.80	291.64	275.32	290.77	58241	0	2
2022.03.18	289.16	301.24	287.52	300.56	56808	0	2
2022.03.21	304.57	314.21	302.40	306.75	74560	0	2
2022.03.22	311.90	332.53	307.26	332.12	69029	0	2
2022.03.23	326.90	346.84	325.36	333.18	94733	0	1
2022.03.24	336.18	341.38	329.60	337.31	68957	0	3
2022.03.25	336.35	340.50	332.47	334.55	63802	0	3
2022.03.28	335.01	365.91	335.01	363.20	87043	0	3
2022.03.29	371.81	372.53	357.70	366.38	72675	0	4
2022.03.30	364.09	371.25	361.30	363.08	56787	0	3
2022.03.31	366.62	367.65	360.49	362.26	49998	0	2
2022.04.01	357.90	364.86	355.55	359.95	55650	0	3
2022.04.04	365.40	383.25	357.62	379.57	62244	0	3
2022.04.05	379.02	384.19	362.87	363.37	76777	0	3
2022.04.06	356.76	359.60	342.58	349.93	89083	0	3
2022.04.07	355.64	358.78	340.50	354.20	84742	0	2
2022.04.08	353.15	354.46	340.83	343.71	68838	0	2
2022.04.11	329.79	336.07	324.78	325.97	69273	0	2
2022.04.12	327.75	340.30	323.67	327.93	65158	0	2
2022.04.13	329.85	341.89	324.36	341.62	53946	0	2
2022.04.14	342.02	342.09	327.39	329.88	56209	0	2
2022.04.18	330.38	338.26	324.49	333.92	56251	0	3
2022.04.19	334.35	344.94	331.81	341.55	48722	0	2
2022.04.20	341.76	345.77	325.41	327.85	63695	0	3
2022.04.21	347.49	363.42	332.17	336.07	92069	0	2
2022.04.22	336.49	344.89	331.37	336.96	71597	0	3
2022.04.25	327.73	336.14	320.63	330.16	76807	0	3
2022.04.26	333.68	333.88	294.18	296.11	98705	0	2
2022.04.27	300.21	305.94	292.55	293.98	84246	0	2
2022.04.28	301.41	302.42	273.84	293.51	98795	0	2
2022.04.29	301.28	311.40	292.58	293.41	90841	0	2
2022.05.02	289.74	298.46	281.30	296.87	90513	0	2
2022.05.03	301.39	307.99	296.21	300.84	68190	0	2
2022.05.04	303.10	316.25	295.16	315.68	72907	0	2
2022.05.05	313.53	316.77	285.90	288.31	92861	0	1
2022.05.06	292.60	296.38	281.08	287.96	103366	0	2
2022.05.09	280.38	281.81	262.96	263.04	96972	0	2
2022.05.10	269.09	275.01	258.10	264.51	99698	0	2
2022.05.11	271.28	272.68	243.36	243.71	100032	0	1
2022.05.12	239.23	253.13	226.66	241.95	138309	0	2
2022.05.13	256.84	262.39	250.51	255.73	83246	0	1
2022.05.16	256.05	258.11	239.72	239.86	86746	0	2
2022.05.17	251.06	254.79	242.98	253.98	74408	0	1
2022.05.18	251.94	253.49	233.61	235.29	71454	0	1
2022.05.19	230.58	244.66	230.04	238.09	90739	0	1
2022.05.20	242.63	242.63	210.99	218.12	115360	0	1
2022.05.23	221.94	226.63	212.69	223.85	84715	0	0
2022.05.24	219.22	219.58	206.89	209.80	89333	0	0
2022.05.25	209.09	223.06	205.83	220.78	82709	0	1
2022.05.26	219.63	239.53	217.86	236.16	76738	0	1
2022.05.27	241.24	253.21	237.44	252.57	64187	0	1
2022.05.31	256.20	259.53	244.75	252.08	82547	0	1
2022.06.01	250.34	257.19	243.66	248.18	75811	0	1
2022.06.02	248.06	264.20	242.08	258.28	72174	0	1
2022.06.03	249.77	249.77	233.43	234.30	87114	0	0
2022.06.06	242.91	244.77	234.36	237.86	76818	0	0
2022.06.07	235.60	239.97	230.09	239.30	65411	0	0
2022.06.08	239.39	249.92	238.51	242.36	76461	0	0
2022.06.09	249.38	255.49	239.71	239.71	85179	0	0
2022.06.10	240.99	241.47	227.93	232.84	106017	0	0
2022.06.13	225.92	226.56	214.74	215.25	106161	0	0
2022.06.14	218.51	226.30	211.73	220.82	96009	0	0
2022.06.15	220.54	235.60	218.20	232.96	102370	0	0
2022.06.16	224.29	225.55	208.70	211.11	88804	0	0
2022.06.17	215.71	220.94	211.42	216.62	74207	0	0
2022.06.21	223.36	243.55	222.59	239.94	71658	0	0
2022.06.22	230.35	246.78	230.29	236.09	77916	0	0
2022.06.23	238.81	241.21	228.66	235.50	76353	0	0
2022.06.24	237.93	246.03	235.50	244.30	59693	0	0
2022.06.27	250.22	252.00	242.56	244.88	66204	0	0
2022.06.28	246.39	249.94	232.35	233.16	73560	0	0
2022.06.29	228.62	232.05	222.28	227.62	77829	0	0
2022.06.30	223.28	229.40	218.87	224.36	91023	0	0
2022.07.01	225.14	230.16	222.13	226.37	81450	0	0
2022.07.05	225.38	232.92	216.22	232.45	84124	0	0
2022.07.06	231.85	234.48	227.18	232.26	76553	0	0
2022.07.07	233.55	245.35	232.24	243.93	53201	0	0
2022.07.08	241.96	254.61	240.75	251.04	64488	0	1
2022.07.11	249.42	254.19	233.91	234.99	72097	0	0
2022.07.12	230.18	239.72	228.38	231.50	76767	0	0
2022.07.13	233.92	242.00	223.91	237.62	88393	0	0
2022.07.14	234.52	238.32	229.36	237.57	71918	0	0
2022.07.15	238.90	243.56	236.78	239.21	53479	0	0
2022.07.18	244.36	250.48	240.09	240.38	57379	0	0
2022.07.19	243.69	247.10	237.00	245.27	54132	0	0
2022.07.20	249.66	250.61	243.49	248.11	59050	0	0
2022.07.21	253.72	273.25	252.68	272.14	89562	0	1
2022.07.22	271.83	280.78	270.73	272.08	80706	0	0
2022.07.25	276.15	276.54	267.41	267.90	58891	0	1
2022.07.26	267.73	267.83	256.32	257.72	49595	0	0
2022.07.27	263.51	275.90	261.80	275.40	60510	0	1
2022.07.28	272.87	283.26	272.78	280.96	66997	0	1
2022.07.29	285.25	297.26	279.12	296.95	54639	0	1
2022.08.01	295.84	311.81	294.98	296.70	81748	0	2
2022.08.02	291.96	307.81	291.81	302.62	78473	0	2
2022.08.03	304.64	309.51	301.12	308.59	59147	0	2
2022.08.04	311.80	313.53	305.00	307.39	58066	0	2
2022.08.05	309.06	309.06	285.55	286.78	72933	0	1
2022.08.08	294.57	305.15	289.20	289.76	62432	0	2
2022.08.09	291.54	292.32	279.36	282.94	62672	0	1
2022.08.10	289.52	297.89	283.40	293.90	64260	0	2
2022.08.11	293.19	298.18	285.83	286.29	56750	0	2
2022.08.12	289.94	299.84	285.06	299.46	51243	0	1
2022.08.15	299.01	313.11	298.51	310.68	52300	0	2
2022.08.16	309.78	314.61	302.90	306.76	51866	0	2
2022.08.17	304.25	309.60	300.04	303.76	47798	0	2
2022.08.18	306.22	307.75	301.88	302.98	44113	0	1
2022.08.19	298.11	300.32	292.51	296.76	40327	0	2
2022.08.22	289.39	292.53	286.29	289.09	43933	0	1
2022.08.23	292.63	298.81	287.93	296.38	51486	0	1
2022.08.24	296.38	296.38	296.38	296.38	1	0	2
2022.08.25	301.54	304.17	291.62	294.45	104498	0	0
2022.08.26	295.30	301.98	287.49	287.62	108355	0	0
2022.08.29	281.16	287.72	280.71	286.48	80232	0	0
2022.08.30	289.18	292.44	272.66	277.14	121478	0	0
2022.08.31	277.65	281.17	271.83	278.17	112229	0	0
2022.09.01	270.45	275.85	266.16	274.30	120458	0	0
2022.09.02	278.52	282.54	269.09	269.25	118393	0	0
2022.09.06	273.19	275.98	265.75	275.24	130105	0	0
2022.09.07	274.84	283.83	272.26	282.81	98806	0	0
2022.09.08	283.52	288.72	279.78	287.96	107508	0	0
2022.09.09	293.07	299.66	291.31	299.41	68705	0	0
2022.09.12	301.13	305.47	300.14	304.52	97376	0	0
2022.09.13	304.88	306.94	290.58	291.95	120967	0	0
2022.09.14	293.29	305.94	289.37	301.08	125543	0	0
2022.09.15	304.34	309.12	300.77	303.19	114684	0	0
2022.09.16	298.76	303.41	295.63	301.97	113496	0	0
2022.09.19	299.45	309.84	297.80	308.36	130855	0	0
2022.09.20	307.37	313.32	305.61	309.51	111462	0	0
2022.09.21	307.20	313.79	302.62	302.64	144886	0	0
2022.09.22	302.36	303.20	285.84	290.02	170032	0	0
2022.09.23	283.96	284.47	272.83	275.70	150143	0	0
2022.09.26	273.93	284.05	269.87	277.79	121517	0	0
2022.09.27	279.92	288.65	277.52	282.01	134888	0	0
2022.09.28	274.70	288.98	274.70	288.64	111536	0	0
2022.09.29	283.73	285.38	265.81	268.44	158842	0	0
2022.09.30	270.61	275.54	262.48	267.02	132664	0	0
2022.10.03	253.90	257.60	241.01	244.18	159385	0	0
2022.10.04	249.91	256.87	242.02	247.81	157337	0	0
2022.10.05	246.33	247.41	233.29	241.75	126898	0	0
2022.10.06	237.93	244.54	235.39	239.66	110196	0	0
2022.10.07	239.50	239.64	222.03	223.02	111459	0	0
2022.10.10	220.61	226.97	218.38	223.58	113185	0	0
2022.10.11	219.73	225.70	215.01	216.25	137177	0	0
2022.10.12	218.75	219.64	211.55	217.16	125434	0	0
2022.10.13	216.76	222.98	206.25	221.14	177107	0	0
2022.10.14	221.31	226.25	204.83	205.01	163638	0	0
2022.10.17	208.65	221.86	207.43	219.88	102645	0	0
2022.10.18	224.40	229.75	217.26	220.33	97987	0	0
2022.10.19	222.87	223.25	217.79	221.54	61240	0	0
2022.10.20	209.19	215.53	202.02	207.10	137718	0	0
2022.10.21	206.02	214.32	203.01	214.00	93605	0	0
2022.10.24	208.58	213.49	198.60	211.39	101334	0	0
2022.10.25	208.69	224.33	208.61	222.66	85784	0	0
2022.10.26	220.08	230.51	218.23	224.98	90210	0	0
2022.10.27	225.25	233.79	222.85	225.62	93715	0	0
2022.10.28	222.71	228.85	216.37	228.20	87804	0	0
2022.10.31	225.89	229.84	221.95	228.74	78882	0	0
2022.11.01	231.75	237.36	227.27	227.94	73537	0	0
2022.11.02	227.35	228.17	215.74	216.84	85780	0	0
2022.11.03	216.16	221.19	210.19	216.53	69756	0	0
2022.11.04	219.38	223.80	203.09	207.19	116279	0	0
2022.11.07	210.23	210.37	196.66	198.43	77180	0	0
2022.11.08	197.47	198.37	186.76	191.59	90192	0	0
2022.11.09	193.64	195.88	178.02	179.24	93400	0	0
2022.11.10	179.30	193.62	174.02	189.19	114348	0	0
2022.11.11	193.36	196.52	182.61	195.59	89650	0	0
2022.11.14	192.21	195.72	186.38	191.51	76854	0	0
2022.11.15	193.64	200.81	192.07	194.30	95557	0	0
2022.11.16	195.78	195.78	185.66	186.43	65170	0	0
2022.11.17	186.32	186.92	180.90	181.96	67632	0	0
2022.11.18	185.26	185.80	176.56	180.08	60028	0	0
2022.11.21	177.19	177.63	167.55	167.85	59662	0	0
2022.11.22	170.64	171.37	166.19	169.42	56214	0	0
2022.11.23	172.21	183.61	172.17	182.97	90301	0	0
2022.11.25	187.47	187.71	180.64	182.90	41358	0	0
2022.11.28	178.69	188.49	178.41	183.70	67656	0	0
2022.11.29	185.90	186.37	178.77	180.81	69219	0	0
2022.11.30	182.50	190.99	180.66	190.44	73579	0	0
2022.12.01	193.36	198.89	191.80	194.59	70866	0	0
2022.12.02	195.38	196.86	189.59	194.38	69894	0	0
2022.12.05	191.47	191.89	180.56	180.90	78591	0	0
2022.12.06	183.17	183.63	175.35	179.72	73544	0	0
2022.12.07	176.41	179.37	172.22	173.08	70600	0	0
2022.12.08	175.04	175.20	169.06	173.56	65130	0	0
2022.12.09	174.11	182.51	172.32	179.54	83369	0	0
2022.12.12	178.47	178.47	167.65	167.66	60145	0	0
2022.12.13	170.66	179.11	156.94	161.72	113093	0	0
2022.12.14	159.13	161.61	155.32	156.69	95307	0	0
2022.12.15	152.73	160.89	151.92	157.30	84188	0	0
2022.12.16	156.33	160.95	150.04	150.73	66932	0	0
2022.12.19	157.67	157.88	145.83	149.47	86814	0	0
2022.12.20	149.54	151.54	139.08	139.20	87344	0	0
2022.12.21	140.67	141.25	135.92	137.74	73268	0	0
2022.12.22	138.30	138.84	122.26	124.91	84121	0	0
2022.12.23	127.51	128.61	121.03	123.30	86309	0	0
2022.12.27	120.63	121.06	110.56	110.87	83378	0	0
2022.12.28	110.18	116.25	108.25	111.10	130990	0	0
2022.12.29	117.88	123.56	116.70	121.23	96474	0	0
2022.12.30	123.28	124.46	118.51	122.54	78717	0	0
2023.01.03	120.31	120.43	104.65	107.85	100285	0	0
2023.01.04	110.08	114.59	107.28	112.54	119009	0	0
2023.01.05	113.97	114.84	107.17	110.55	93302	0	0
2023.01.06	104.57	114.38	101.21	112.94	119760	0	0
2023.01.09	114.84	123.50	114.64	119.98	101365	0	0
2023.01.10	121.56	122.76	114.96	117.89	85501	0	0
2023.01.11	119.57	125.93	119.05	122.61	77876	0	0
2023.01.12	121.99	124.56	117.01	123.01	87595	0	0
2023.01.13	118.80	122.35	115.61	121.92	70285	0	0
2023.01.17	123.04	131.69	122.65	131.42	68307	0	0
2023.01.18	135.25	137.47	127.02	128.20	72334	0	0
2023.01.19	126.04	129.98	124.31	127.19	60664	0	0
2023.01.20	128.83	133.06	127.36	132.97	50729	0	0
2023.01.23	135.00	145.37	134.28	142.29	62084	0	0
2023.01.24	142.34	146.43	140.82	143.08	77183	0	0
2023.01.25	141.67	146.41	138.08	144.44	73145	0	0
2023.01.26	154.74	161.41	153.58	159.17	114528	0	0
2023.01.27	159.05	180.67	158.95	178.88	144557	0	0
2023.01.30	177.35	179.89	167.49	167.92	118163	0	0
2023.01.31	163.58	174.29	162.80	172.02	93489	0	0
2023.02.01	173.14	183.80	169.95	182.96	121193	0	0
2023.02.02	185.87	196.76	182.61	187.57	135141	0	0
2023.02.03	186.83	198.98	183.72	190.07	177592	0	0
2023.02.06	190.87	197.44	189.17	194.46	55114	0	0
2023.02.07	195.54	197.80	189.56	195.82	131405	0	0
2023.02.08	195.92	202.84	194.34	201.69	128203	0	0
2023.02.09	208.80	213.99	204.79	206.82	156669	0	0
2023.02.10	201.33	206.17	192.90	196.12	143968	0	0
2023.02.13	198.84	199.50	187.65	195.28	115887	0	0
2023.02.14	196.19	209.34	189.48	208.79	151897	0	0
2023.02.15	211.05	214.65	206.12	212.59	128917	0	0
2023.02.16	216.34	217.64	202.27	203.10	146245	0	0
2023.02.17	200.42	208.28	197.51	206.49	141672	0	0
2023.02.21	206.26	209.69	198.71	198.82	135086	0	0
2023.02.22	196.41	201.98	191.79	199.17	137374	0	0
2023.02.23	203.09	205.11	196.35	202.60	100459	0	0
2023.02.24	199.08	199.70	192.81	196.36	104557	0	0
2023.02.27	200.18	209.41	200.10	206.68	89990	0	0
2023.02.28	210.48	212.45	203.76	205.94	87166	0	0
2023.03.01	208.16	208.38	198.54	203.06	82168	0	0
2023.03.02	190.76	193.73	185.45	191.26	105269	0	0
2023.03.03	194.23	200.47	192.90	197.97	70360	0	0
2023.03.06	198.74	199.47	192.32	194.86	64211	0	0
2023.03.07	193.76	194.20	186.11	189.52	76240	0	0
2023.03.08	186.17	187.46	180.01	181.95	80357	0	0
2023.03.09	176.80	185.16	173.02	173.99	90472	0	0
2023.03.10	172.98	178.28	168.46	173.00	111953	0	0
2023.03.13	172.87	177.34	163.93	175.36	158603	0	0
2023.03.14	175.02	183.80	173.81	181.12	83934	0	0
2023.03.15	178.47	182.32	176.05	180.07	117526	0	0
2023.03.16	181.05	185.80	178.85	184.43	77390	0	0
2023.03.17	185.24	186.19	177.33	179.98	86733	0	0
2023.03.20	179.38	186.44	176.37	183.21	92990	0	0
2023.03.21	185.22	197.99	185.07	197.42	70897	0	0
2023.03.22	197.61	200.63	193.48	193.52	96722	0	0
2023.03.23	195.94	199.30	188.66	191.41	87773	0	0
2023.03.24	190.31	192.34	187.17	189.87	76451	0	0
2023.03.27	191.96	197.38	189.96	192.95	71680	0	0
2023.03.28	192.69	192.98	185.44	188.89	50254	0	0
2023.03.29	191.91	195.28	189.45	193.29	49325	0	0
2023.03.30	195.08	197.31	194.44	195.85	49285	0	0
2023.03.31	195.89	207.78	195.24	206.28	57241	0	0
2023.04.03	203.97	204.47	192.21	194.70	73403	0	0
2023.04.04	197.69	198.73	190.32	191.27	77022	0	0
2023.04.05	191.55	193.98	183.77	186.27	63416	0	0
2023.04.06	184.25	186.38	179.75	185.22	58089	0	0
2023.04.10	184.97	185.09	176.12	184.30	59462	0	0
2023.04.11	187.57	189.19	185.50	187.30	50708	0	0
2023.04.12	186.06	191.58	180.34	181.42	70248	0	0
2023.04.13	181.90	186.49	180.95	186.00	48940	0	0
2023.04.14	183.11	186.27	182.01	185.19	48648	0	0
2023.04.17	185.97	189.68	182.71	186.79	49931	0	0
2023.04.18	188.11	188.56	183.59	184.86	38233	0	0
2023.04.19	179.45	183.49	177.69	181.97	42631	0	0
2023.04.20	167.60	169.54	160.57	161.24	74815	0	0
2023.04.21	165.32	165.99	161.32	164.99	45161	0	0
2023.04.24	163.48	165.65	158.62	162.81	45839	0	0
2023.04.25	160.08	163.46	158.76	161.13	42558	0	0
2023.04.26	161.99	162.02	153.22	154.06	51646	0	0
2023.04.27	154.92	160.28	151.74	159.81	54428	0	0
2023.04.28	158.26	164.99	157.33	164.04	46746	0	0
2023.05.01	163.57	164.25	158.84	161.44	39826	0	0
2023.05.02	162.40	165.47	158.94	159.40	50787	0	0
2023.05.03	160.66	164.99	159.91	160.81	59535	0	0
2023.05.04	162.24	163.24	159.66	161.38	50098	0	0
2023.05.05	162.33	170.76	161.91	169.99	39401	0	0
2023.05.08	172.09	174.42	169.19	171.62	50641	0	0
2023.05.09	170.05	170.35	166.56	168.88	39400	0	0
2023.05.10	168.89	174.42	166.69	169.37	59977	0	0
2023.05.11	169.76	171.77	166.80	171.59	49031	0	0
2023.05.12	174.27	177.37	167.23	168.49	74107	0	0
2023.05.15	169.16	169.75	164.55	165.67	50843	0	0
2023.05.16	166.81	169.51	164.36	167.24	42978	0	0
2023.05.17	168.95	174.49	167.19	174.27	49527	0	0
2023.05.18	175.33	176.56	172.46	176.51	48958	0	0
2023.05.19	178.29	181.94	176.33	179.96	56173	0	0
2023.05.22	180.85	189.31	179.76	188.96	55031	0	0
2023.05.23	187.48	192.96	185.27	186.05	67963	0	0
2023.05.24	183.86	184.20	178.23	183.71	69127	0	0
2023.05.25	186.42	187.24	180.58	184.79	62075	0	0
2023.05.26	185.39	198.59	184.15	193.58	66098	0	0
2023.05.30	198.73	204.47	197.54	201.06	76126	0	0
2023.05.31	199.87	202.98	195.13	199.80	65112	0	0
2023.06.01	202.08	209.79	199.39	208.04	77659	0	0
2023.06.02	210.16	217.23	209.77	214.84	70835	0	0
2023.06.05	215.55	221.27	214.53	218.00	85605	0	0
2023.06.06	216.29	220.97	212.54	219.76	66799	0	0
2023.06.07	225.26	230.82	223.22	223.95	108074	0	0
2023.06.08	226.45	234.50	223.03	234.48	74657	0	0
2023.06.09	244.94	252.41	242.03	244.09	134199	0	0
2023.06.12	248.07	250.96	244.60	249.46	78845	0	0
2023.06.13	251.73	259.67	250.55	257.99	100592	0	0
2023.06.14	263.52	264.85	250.51	255.30	103060	0	0
2023.06.15	248.82	258.94	247.31	255.96	112330	0	0
2023.06.16	257.09	263.59	255.87	260.83	108325	0	0
2023.06.20	257.83	273.70	257.73	273.52	78194	0	0
2023.06.21	278.33	279.46	257.80	261.20	143797	0	0
2023.06.22	255.91	264.77	248.28	264.04	124408	0	0
2023.06.23	260.70	263.02	252.84	255.31	112961	0	0
2023.06.26	251.34	258.35	241.83	242.26	136706	0	0
2023.06.27	244.67	250.14	240.83	249.43	339317	0	0
2023.06.28	248.43	259.87	248.23	255.74	363035	0	0
2023.06.29	260.29	261.45	253.59	255.93	342757	0	0
2023.06.30	258.93	264.43	258.37	262.42	208258	0	0
2023.07.03	278.32	284.24	275.12	279.82	75177	0	0
2023.07.05	277.05	282.92	276.80	282.78	84487	0	0
2023.07.06	280.23	281.38	272.92	277.36	81717	0	0
2023.07.07	275.30	280.77	274.07	274.62	77644	0	0
2023.07.10	275.03	277.51	265.11	268.68	92484	0	0
2023.07.11	271.00	271.00	266.37	269.67	72443	0	0
2023.07.12	272.07	277.65	271.36	272.64	72902	0	0
2023.07.13	274.49	279.43	270.61	279.17	57958	0	0
2023.07.14	276.20	285.29	276.20	280.41	77203	0	0
2023.07.17	286.00	292.21	283.59	289.93	82857	0	0
2023.07.18	290.70	294.41	286.02	294.41	67614	0	0
2023.07.19	293.35	299.29	289.54	292.56	80822	0	0
2023.07.20	282.30	283.34	261.21	264.20	100540	0	0
2023.07.21	267.21	267.97	255.81	260.78	132435	0	0
2023.07.24	256.52	269.83	254.16	269.02	106290	0	0
2023.07.25	273.11	273.42	265.43	266.25	112984	0	0
2023.07.26	264.18	268.02	261.77	265.09	69477	0	0
2023.07.27	268.76	269.56	256.05	256.65	70343	0	0
2023.07.28	259.27	267.24	258.12	265.74	57486	0	0
2023.07.31	266.07	269.04	263.78	266.29	66051	0	0
2023.08.01	265.56	266.91	260.27	260.51	52900	0	0
2023.08.02	253.97	259.51	250.51	253.82	84642	0	0
2023.08.03	255.35	260.48	251.35	259.37	80650	0	0
2023.08.04	262.29	264.74	253.22	253.49	84997	0	0
2023.08.07	255.30	255.67	242.78	249.98	93524	0	0
2023.08.08	249.27	250.91	245.02	249.64	82743	0	0
2023.08.09	251.58	251.68	242.21	243.63	73615	0	0
2023.08.10	244.03	251.79	242.28	244.61	92500	0	0
2023.08.11	242.80	244.47	238.20	242.38	79134	0	0
2023.08.14	238.32	240.65	233.78	239.09	105349	0	0
2023.08.15	237.93	240.48	232.62	232.93	73960	0	0
2023.08.16	229.31	233.86	226.01	226.33	91565	0	0
2023.08.17	228.67	228.80	219.16	219.24	82637	0	0
2023.08.18	214.87	217.57	212.37	215.33	105734	0	0
2023.08.21	222.71	231.06	220.60	230.30	88604	0	0
2023.08.22	239.57	241.54	229.57	232.27	108858	0	0
2023.08.23	234.94	238.97	226.50	237.98	82355	0	0
2023.08.24	241.27	241.95	228.19	230.58	94550	0	0
2023.08.25	228.85	238.90	227.87	238.33	118748	0	0
2023.08.28	239.96	244.45	235.37	238.60	98853	0	0
2023.08.29	239.79	257.01	237.21	256.42	86570	0	0
2023.08.30	254.98	260.50	250.60	256.58	100528	0	0
2023.08.31	255.41	260.14	255.06	260.10	88955	0	0
2023.09.01	257.03	259.32	242.52	244.25	100828	0	0
2023.09.05	244.65	257.99	243.14	256.87	82186	0	0
2023.09.06	255.43	257.45	245.07	252.08	79279	0	0
2023.09.07	248.42	252.80	243.27	252.03	84254	0	0
2023.09.08	249.87	256.49	246.67	247.84	86514	0	0
2023.09.11	262.67	274.84	260.63	273.37	97722	0	0
2023.09.12	271.89	278.37	266.62	267.50	87678	0	0
2023.09.13	268.58	274.96	267.11	270.65	71473	0	0
2023.09.14	272.56	276.70	270.46	275.82	74894	0	0
2023.09.15	277.05	278.95	271.05	273.17	79966	0	0
2023.09.18	273.96	276.14	263.78	264.89	80659	0	0
2023.09.19	266.78	267.83	261.21	266.40	71435	0	0
2023.09.20	267.08	273.93	262.82	262.82	86369	0	0
2023.09.21	259.29	260.82	254.24	257.15	85300	0	0
2023.09.22	257.87	258.45	245.48	245.98	84275	0	0
2023.09.25	243.98	247.06	238.33	245.70	87408	0	0
2023.09.26	242.91	249.54	241.69	244.19	79455	0	0
2023.09.27	245.42	246.29	234.59	239.88	97364	0	0
2023.09.28	239.49	247.54	238.67	245.39	92759	0	0
2023.09.29	250.25	254.76	246.37	249.89	82081	0	0
2023.10.02	250.94	254.28	239.36	250.84	104060	0	0
2023.10.03	250.04	250.25	244.46	246.27	77094	0	0
2023.10.04	245.71	261.73	245.04	261.24	81772	0	0
2023.10.05	259.79	263.59	256.26	260.45	80588	0	0
2023.10.06	256.60	261.64	250.67	261.02	80017	0	0
2023.10.09	255.93	261.35	252.05	260.26	65183	0	0
2023.10.10	259.34	268.93	257.43	263.81	83144	0	0
2023.10.11	265.17	268.58	260.91	263.66	66289	0	0
2023.10.12	263.64	265.38	256.65	258.66	75526	0	0
2023.10.13	255.84	259.56	250.23	250.51	93274	0	0
2023.10.16	248.56	255.38	247.57	254.77	70391	0	0
2023.10.17	252.64	257.18	247.08	254.06	74675	0	0
2023.10.18	252.98	254.60	242.08	242.80	78451	0	0
2023.10.19	231.57	231.62	216.79	217.64	131814	0	0
2023.10.20	220.22	220.22	210.43	212.03	87915	0	0
2023.10.23	208.33	216.89	202.52	212.39	92511	0	0
2023.10.24	216.75	222.04	214.12	216.61	83990	0	0
2023.10.25	215.05	220.09	212.85	212.89	96316	0	0
2023.10.26	206.87	214.80	204.89	206.04	108231	0	0
2023.10.27	210.56	212.39	205.78	206.24	87973	0	0
2023.10.30	210.06	210.86	194.68	197.39	130487	0	0
2023.10.31	194.92	202.79	194.09	200.91	92062	0	0
2023.11.01	202.54	205.16	197.85	204.96	95553	0	0
2023.11.02	210.59	219.19	210.41	217.65	74705	0	0
2023.11.03	216.39	226.36	216.19	219.00	92724	0	0
2023.11.06	223.83	226.28	215.01	218.82	68897	0	0
2023.11.07	217.47	222.93	215.73	222.41	83269	0	0
2023.11.08	221.87	224.13	217.65	222.53	67234	0	0
2023.11.09	220.46	220.78	206.69	209.15	120589	0	0
2023.11.10	207.40	215.36	205.72	214.28	91268	0	0
2023.11.13	215.49	225.38	211.63	223.64	83567	0	0
2023.11.14	226.96	238.02	226.41	237.56	113031	0	0
2023.11.15	240.74	246.69	236.45	243.96	97538	0	0
2023.11.16	241.04	241.36	230.97	233.83	88717	0	0
2023.11.17	234.15	237.38	226.55	234.59	98025	0	0
2023.11.20	236.17	237.09	231.02	236.74	76146	0	0
2023.11.21	237.28	243.60	233.36	241.35	78049	0	0
2023.11.22	242.93	244.01	231.47	233.68	86550	0	0
2023.11.24	232.32	238.75	231.80	235.52	47077	0	0
2023.11.27	236.12	238.32	232.10	236.97	71843	0	0
2023.11.28	237.07	246.51	234.01	246.34	82520	0	0
2023.11.29	249.55	252.74	242.77	243.92	114920	0	0
2023.11.30	245.57	246.87	238.25	240.09	106054	0	0
2023.12.01	237.87	240.18	231.92	238.26	104551	0	0
2023.12.04	238.98	239.36	233.31	236.37	97941	0	0
2023.12.05	232.78	246.65	232.51	238.38	113721	0	0
2023.12.06	241.54	246.55	239.76	240.42	122028	0	0
2023.12.07	240.44	244.07	237.00	241.95	96591	0	0
2023.12.08	242.65	245.25	239.30	243.41	99551	0	0
2023.12.11	242.32	244.99	237.47	239.42	79498	0	0
2023.12.12	240.44	241.16	233.88	236.83	64338	0	0
2023.12.13	234.53	240.29	228.21	238.23	122475	0	0
2023.12.14	241.75	253.87	240.11	250.27	88053	0	0
2023.12.15	252.95	254.20	248.32	252.69	93450	0	0
2023.12.18	253.86	258.73	251.38	252.13	67425	0	0
2023.12.19	253.15	258.33	252.56	256.51	66836	0	0
2023.12.20	255.93	259.83	247.31	249.28	80573	0	0
2023.12.21	250.15	254.79	248.56	253.84	88193	0	0
2023.12.22	254.94	258.21	251.40	252.72	66297	0	0
2023.12.26	254.04	257.96	252.93	257.10	54760	0	0
2023.12.27	257.17	263.34	257.11	260.65	50419	0	0
2023.12.28	264.31	265.11	252.74	254.03	66686	0	0
2023.12.29	255.23	255.58	247.46	249.19	64680	0	0
2024.01.02	248.80	251.23	244.42	246.53	85284	0	0
2024.01.03	246.10	246.33	236.33	238.61	90110	0	0
2024.01.04	240.80	242.68	237.53	239.29	69083	0	0
2024.01.05	235.95	240.11	235.02	237.27	69708	0	0
2024.01.08	235.71	241.15	235.32	240.67	52960	0	0
2024.01.09	238.82	239.43	232.04	234.54	60027	0	0
2024.01.10	236.20	236.40	231.30	232.90	47657	0	0
2024.01.11	235.95	235.98	225.38	227.07	84458	0	0
2024.01.12	220.59	225.33	217.16	219.21	70775	0	0
2024.01.16	214.13	223.48	212.20	219.52	69256	0	0
2024.01.17	216.43	217.02	212.02	215.03	52690	0	0
2024.01.18	218.07	219.27	208.75	211.15	62725	0	0
2024.01.19	208.88	213.17	207.56	211.06	49982	0	0
2024.01.22	214.86	217.77	206.28	209.12	73329	0	0
2024.01.23	209.55	215.63	207.78	208.58	54135	0	0
2024.01.24	211.06	212.79	206.79	208.10	56852	0	0
2024.01.25	191.96	192.78	180.07	182.84	109922	0	0
2024.01.26	184.21	186.47	182.11	182.83	54279	0	0
2024.01.29	185.22	191.44	183.69	190.33	52921	0	0
2024.01.30	195.49	196.34	190.61	191.74	58428	0	0
2024.01.31	185.55	193.94	185.24	187.71	73021	0	0
2024.02.01	190.99	191.07	184.30	188.82	52682	0	0
2024.02.02	187.20	188.68	182.21	188.13	62491	0	0
2024.02.05	185.41	186.37	175.02	180.42	67607	0	0
2024.02.06	177.04	186.48	175.86	184.30	70308	0	0
2024.02.07	186.67	190.59	182.70	188.60	67797	0	0
2024.02.08	189.74	191.60	185.59	189.16	49436	0	0
2024.02.09	190.35	194.11	189.49	192.45	50474	0	0
2024.02.12	194.74	194.91	187.29	188.16	55144	0	0
2024.02.13	186.62	187.43	181.96	183.14	57982	0	0
2024.02.14	185.84	188.82	183.37	188.71	43668	0	0
2024.02.15	189.85	199.86	188.89	199.83	53502	0	0
2024.02.16	204.42	204.57	197.41	199.69	70841	0	0
2024.02.20	196.47	198.60	189.14	193.13	63193	0	0
2024.02.21	193.17	199.43	191.53	194.53	59928	0	0
2024.02.22	196.76	198.31	191.38	197.93	53199	0	0
2024.02.23	195.08	197.57	191.75	192.18	46879	0	0
2024.02.26	191.43	201.77	191.34	199.38	59021	0	0
2024.02.27	202.42	205.58	198.27	199.07	59708	0	0
2024.02.28	200.05	205.30	198.46	202.28	48064	0	0
2024.02.29	201.86	205.25	198.46	201.10	47980	0	0
2024.03.01	200.62	204.51	198.51	202.88	43814	0	0
2024.03.04	199.46	200.77	186.74	189.20	47454	0	0
2024.03.05	183.67	185.41	177.58	180.36	61152	0	0
2024.03.06	182.54	182.85	173.71	176.52	62164	0	0
2024.03.07	174.55	180.02	172.13	179.37	50321	0	0
2024.03.08	179.99	183.76	174.72	175.31	61404	0	0
2024.03.11	176.08	182.86	174.83	176.94	51932	0	0
2024.03.12	179.70	180.27	172.42	178.31	49731	0	0
2024.03.13	174.19	176.04	169.30	169.67	52652	0	0
2024.03.14	166.64	171.15	160.52	161.22	55523	0	0
2024.03.15	164.36	165.17	160.77	163.08	43051	0	0
2024.03.18	168.19	174.71	165.91	174.09	47430	0	0
2024.03.19	174.26	174.92	167.44	171.52	42045	0	0
2024.03.20	172.68	176.12	170.83	176.09	47122	0	0
2024.03.21	177.08	178.37	171.81	173.10	39296	0	0
2024.03.22	167.55	171.19	165.44	170.94	38209	0	0
2024.03.25	169.24	175.22	167.73	172.53	34876	0	0
2024.03.26	178.28	184.24	177.52	178.09	42677	0	0
2024.03.27	179.19	181.89	176.02	179.52	37029	0	0
2024.03.28	179.54	180.34	175.31	175.34	40159	0	0
2024.04.01	177.96	178.28	170.23	173.55	32507	0	0
2024.04.02	172.47	174.40	162.01	165.97	52346	0	0
2024.04.03	165.28	168.80	163.30	167.71	35797	0	0
2024.04.04	169.71	177.18	168.03	171.16	43893	0	0
2024.04.05	172.09	172.43	160.53	165.28	72675	0	0
2024.04.08	170.69	174.49	167.38	172.72	49180	0	0
2024.04.09	172.55	179.22	171.63	176.02	42072	0	0
2024.04.10	177.63	178.33	170.02	171.64	48191	0	0
2024.04.11	171.00	175.83	168.52	175.58	42169	0	0
2024.04.12	172.69	173.79	170.38	171.20	31111	0	0
2024.04.15	169.94	170.66	161.63	162.39	36660	0	0
2024.04.16	157.67	158.52	153.75	157.03	46969	0	0
2024.04.17	159.27	159.33	153.79	156.32	34709	0	0
2024.04.18	154.91	155.01	148.72	150.44	38359	0	0
2024.04.19	147.37	150.92	145.31	146.47	37958	0	0
2024.04.22	143.49	144.42	138.84	142.04	43667	0	0
2024.04.23	142.85	147.24	141.13	145.06	34421	0	0
2024.04.24	159.70	167.95	157.53	161.88	76681	0	0
2024.04.25	162.89	170.87	158.04	169.06	64799	0	0
2024.04.26	172.55	172.55	166.38	167.62	56223	0	0
2024.04.29	181.09	198.85	181.02	193.97	110553	0	0
2024.04.30	189.24	191.32	182.85	183.92	59404	0	0
2024.05.01	178.59	185.84	178.04	181.95	62344	0	0
2024.05.02	184.06	184.58	176.04	180.41	46849	0	0
2024.05.03	179.65	184.76	178.44	181.16	44276	0	0
2024.05.06	183.28	187.54	182.04	184.71	36856	0	0
2024.05.07	180.29	183.20	177.41	177.68	36551	0	0
2024.05.08	176.54	176.70	170.17	174.47	39146	0	0
2024.05.09	172.57	175.87	171.47	171.52	27976	0	0
2024.05.10	173.68	173.88	167.76	168.81	30622	0	0
2024.05.13	169.64	175.40	168.73	171.96	33217	0	0
2024.05.14	172.32	179.48	171.28	177.73	44002	0	0
2024.05.15	178.76	181.78	173.13	174.09	38308	0	0
2024.05.16	174.52	175.78	171.45	174.73	27856	0	0
2024.05.17	175.10	179.62	172.76	177.41	33977	0	0
2024.05.20	178.05	178.76	173.53	174.85	27830	0	0
2024.05.21	173.47	186.54	173.47	185.58	38874	0	0
2024.05.22	183.76	184.11	178.13	179.30	40886	0	0
2024.05.23	181.97	182.79	173.27	174.02	38448	0	0
2024.05.24	174.22	180.07	173.74	179.69	32254	0	0
2024.05.28	178.82	178.87	173.17	176.19	33169	0	0
2024.05.29	175.07	178.13	173.91	177.46	30228	0	0
2024.05.30	175.62	182.65	175.40	178.18	42395	0	0
2024.05.31	177.79	180.51	173.85	176.36	36496	0	0
2024.06.03	178.33	182.62	174.50	175.96	46509	0	0
2024.06.04	176.05	177.75	174.00	175.57	41451	0	0
2024.06.05	175.37	176.23	172.14	174.74	32182	0	0
2024.06.06	174.40	179.71	172.74	178.48	35481	0	0
2024.06.07	177.55	179.34	175.37	177.33	36910	0	0
2024.06.10	176.81	178.55	173.18	173.82	30847	0	0
2024.06.11	173.66	174.71	167.43	169.69	31583	0	0
2024.06.12	169.66	180.54	169.66	177.49	53261	0	0
2024.06.13	185.88	191.55	181.96	182.73	65521	0	0
2024.06.14	184.57	186.39	176.93	177.89	40358	0	0
2024.06.17	178.73	188.79	176.52	188.32	43946	0	0
2024.06.18	187.94	187.97	182.38	184.72	32022	0	0
2024.06.20	185.46	185.62	179.67	181.50	33091	0	0
2024.06.21	180.60	183.92	180.33	182.28	27300	0	0
2024.06.24	182.46	188.35	182.45	183.62	35436	0	0
2024.06.25	182.37	187.96	182.04	187.32	32228	0	0
2024.06.26	186.98	197.75	186.32	197.46	45050	0	0
2024.06.27	194.75	198.70	194.13	197.69	39641	0	0
2024.06.28	198.73	203.18	195.28	196.33	49794	0	0
2024.07.01	201.75	213.22	199.89	211.09	67797	0	0
2024.07.02	206.94	231.13	205.65	229.61	105969	0	0
2024.07.03	239.43	248.33	232.61	246.56	91369	0	0
2024.07.05	250.63	253.18	242.49	249.98	89982	0	0
2024.07.08	247.77	259.42	244.60	251.33	88960	0	0
2024.07.09	251.92	265.58	250.04	263.04	86322	0	0
2024.07.10	262.12	267.58	257.89	265.39	75265	0	0
2024.07.11	261.65	270.87	239.67	242.74	167804	0	0
2024.07.12	237.11	251.82	233.10	249.77	102807	0	0
2024.07.15	259.30	265.55	252.86	253.38	110905	0	0
2024.07.16	256.34	258.58	245.87	256.57	81692	0	0
2024.07.17	252.14	258.44	246.19	247.33	89739	0	0
2024.07.18	251.85	257.12	247.21	249.54	93850	0	0
2024.07.19	247.93	250.37	236.84	239.66	74301	0	0
2024.07.22	242.38	253.19	241.41	252.09	69795	0	0
2024.07.23	253.33	255.70	245.64	247.23	62070	0	0
2024.07.24	226.97	227.70	214.72	218.57	81675	0	0
2024.07.25	211.84	225.97	211.47	222.43	80579	0	0
2024.07.26	224.24	225.40	215.34	220.28	63915	0	0
2024.07.29	221.42	234.25	221.36	231.69	71134	0	0
2024.07.30	232.30	235.34	220.01	221.37	66131	0	0
2024.07.31	225.41	234.66	223.70	232.68	59536	0	0
2024.08.01	231.34	231.86	214.34	215.63	71997	0	0
2024.08.02	217.63	218.73	205.78	206.31	80652	0	0
2024.08.05	193.08	203.86	181.99	197.26	134716	0	0
2024.08.06	199.89	203.55	192.69	201.47	84959	0	0
2024.08.07	202.17	203.47	191.87	193.30	84070	0	0
2024.08.08	190.72	200.69	189.68	199.16	69535	0	0
2024.08.09	201.32	201.36	195.13	199.88	55219	0	0
2024.08.12	200.24	200.63	194.68	197.83	52437	0	0
2024.08.13	197.65	208.46	196.61	207.83	50883	0	0
2024.08.14	206.99	210.63	198.77	200.33	60776	0	0
2024.08.15	202.10	215.87	200.88	214.63	58656	0	0
2024.08.16	215.50	219.79	210.74	216.45	53102	0	0
2024.08.19	214.48	222.98	214.09	222.66	53176	0	0
2024.08.20	223.72	228.20	219.58	221.39	56844	0	0
2024.08.21	219.91	224.64	218.88	222.33	60639	0	0
2024.08.22	223.56	225.50	211.33	211.47	68566	0	0
2024.08.23	213.56	221.46	212.54	220.05	75776	0	0
2024.08.26	220.18	220.56	211.02	212.25	50992	0	0
2024.08.27	214.26	215.64	206.98	209.82	51755	0	0
2024.08.28	209.33	211.80	202.59	205.74	56290	0	0
2024.08.29	207.81	214.88	205.71	207.11	71561	0	0
2024.08.30	209.37	212.62	207.08	211.98	53725	0	0
2024.09.03	213.75	219.87	210.10	210.36	69566	0	0
2024.09.04	209.31	222.22	207.50	219.08	76343	0	0
2024.09.05	224.63	234.99	222.28	228.88	99377	0	0
2024.09.06	227.04	227.11	226.81	226.86	97	0	6
